City_ID,City,Lat,Lng,Max Temp,Humidity,Cloudiness,Wind Speed,Country,Date
0,baiyin,36.5583,104.2081,19.18,44,50,0.24,CN,1687109291
1,ushuaia,-54.8,-68.3,1.81,87,40,8.23,AR,1687109292
2,busselton,-33.65,115.3333,8.85,81,22,2.66,AU,1687109292
3,georgetown,5.4112,100.3354,27.96,77,20,1.03,MY,1687109260
4,souillac,-20.5167,57.5167,22.21,60,40,2.06,MU,1687109292
5,rikitea,-23.1203,-134.9692,23.6,76,30,4.43,PF,1687109292
6,bethel,41.3712,-73.414,25.5,57,75,3.6,US,1687109292
7,progreso,21.2833,-89.6667,37.06,45,2,2.92,MX,1687109293
8,palmer,42.1584,-72.3287,24.4,56,75,3.6,US,1687109293
9,atuona,-9.8,-139.0333,26.98,73,14,7.17,PF,1687109293
10,albany,42.6001,-73.9662,22.81,69,87,1.34,US,1687109135
11,tizapan el alto,20.1667,-103.0667,28.03,46,5,0.19,MX,1687109294
12,kapaa,22.0752,-159.319,24.5,88,75,5.66,US,1687109294
13,saint-philippe,-21.3585,55.7679,21.77,68,0,4.97,RE,1687109294
14,oktyabrskiy,54.4815,53.471,11.28,49,4,6.67,RU,1687109295
15,taltal,-25.4,-70.4833,17.79,72,52,2.11,CL,1687109295
16,los llanos de aridane,28.6585,-17.9182,23.86,86,75,2.24,ES,1687109295
17,andenes,69.3143,16.1194,14.99,63,14,1.54,NO,1687109295
18,akdepe,42.0551,59.3788,28.05,23,0,3.48,TM,1687109178
19,jinxiang,27.4327,120.6062,25.75,89,98,3.76,CN,1687109296
20,hilo,19.7297,-155.09,24.23,82,20,2.06,US,1687109296
21,yerbogachen,61.2767,108.0108,10.56,97,96,2.17,RU,1687109296
22,vaini,-21.2,-175.2,17.09,100,20,1.03,TO,1687109296
23,yablonovo,50.8523,37.3574,17.53,77,16,3.13,RU,1687109296
24,puerto ayora,-0.7393,-90.3518,28.98,87,70,2.68,EC,1687109297
25,san cristobal,7.7669,-72.225,28.1,88,100,3.04,VE,1687109297
26,hamilton,39.1834,-84.5333,28.13,47,0,4.63,US,1687108500
27,saint-joseph,-21.3667,55.6167,21.21,68,0,3.52,RE,1687109234
28,vestmannaeyjar,63.4427,-20.2734,10.55,93,75,1.03,IS,1687109298
29,makakilo city,21.3469,-158.0858,25.01,77,0,2.57,US,1687109298
30,tasiilaq,65.6145,-37.6368,6.09,79,0,1.55,GL,1687109298
31,maningrida,-12.0667,134.2667,19.98,91,100,3.67,AU,1687109298
32,lebu,-37.6167,-73.65,11.94,56,100,5.46,CL,1687109298
33,padang,-0.9492,100.3543,25.03,88,75,2.33,ID,1687109299
34,punta arenas,-53.15,-70.9167,2.06,87,20,5.66,CL,1687109299
35,jamestown,42.097,-79.2353,23.9,44,0,2.57,US,1687109299
36,coolum beach,-26.5333,153.1,16.73,83,48,3.1,AU,1687109299
37,cherskiy,68.75,161.3,6.66,68,37,1.24,RU,1687109299
38,lata,40.1629,-8.3327,23.29,62,100,3.76,PT,1687109299
39,yumen,40.2833,97.2,22.37,16,0,2.69,CN,1687109300
40,chokurdakh,70.6333,147.9167,13.73,59,61,2.88,RU,1687109300
41,new norfolk,-42.7826,147.0587,6.72,72,58,0.45,AU,1687109301
42,locri,38.2414,16.2623,24.24,57,0,3.57,IT,1687109302
43,comodoro rivadavia,-45.8667,-67.5,7.92,46,20,4.63,AR,1687109303
44,arraial do cabo,-22.9661,-42.0278,22.92,64,20,6.17,BR,1687109303
45,santa fe,-31.6333,-60.7,20.01,61,21,1.79,AR,1687109303
46,pafos,34.7667,32.4167,23.88,73,75,5.66,CY,1687109017
47,natchitoches,31.7668,-93.1335,28.47,44,48,4.98,US,1687109303
48,muravlenko,63.7898,74.523,4.7,86,99,2.94,RU,1687109304
49,itarema,-2.9248,-39.9167,29.22,68,82,6.88,BR,1687109246
50,vardo,70.3705,31.1107,7.99,87,0,6.69,NO,1687109304
51,whitianga,-36.8333,175.7,11.87,86,23,0.42,NZ,1687109304
52,kikwit,-5.041,18.8162,27.95,35,71,0.92,CD,1687109304
53,dikson,73.5069,80.5464,-0.09,98,100,6.66,RU,1687109304
54,xuddur,4.1213,43.8894,27.64,52,96,6.78,SO,1687109305
55,mar del plata,-38.0023,-57.5575,11.64,65,40,4.63,AR,1687109106
56,chiredzi,-21.05,31.6667,20.28,36,0,1.94,ZW,1687109366
57,college,64.8569,-147.8028,15.18,89,75,1.54,US,1687109366
58,aripuana,-9.1667,-60.6333,32.1,38,4,1.74,BR,1687109366
59,humaita,-7.5061,-63.0208,32.53,41,25,2.13,BR,1687109367
60,qaanaaq,77.484,-69.3632,-0.14,81,100,3.96,GL,1687109367
61,tuatapere,-46.1333,167.6833,6.19,85,54,1.66,NZ,1687109367
62,abha,18.2164,42.5053,22.9,46,20,2.57,SA,1687109367
63,batagay-alyta,67.8006,130.4114,11.39,54,30,2.49,RU,1687109367
64,sao filipe,14.8961,-24.4956,25.09,76,49,3.79,CV,1687109368
65,clyde river,70.4692,-68.5914,5.13,75,100,5.14,CA,1687109368
66,ilulissat,69.2167,-51.1,4.01,52,75,2.57,GL,1687109368
67,hithadhoo,-0.6,73.0833,28.47,75,77,4.76,MV,1687109368
68,bluff,-46.6,168.3333,6.57,82,49,3.34,NZ,1687109368
69,isangel,-19.55,169.2667,21.01,69,13,3.87,VU,1687109369
70,mecca,21.4267,39.8261,35.51,29,41,2.77,SA,1687109366
71,ipixuna,-1.7625,-48.8043,32.74,48,27,1.67,BR,1687109369
72,harrai,22.6167,79.2167,32.7,38,44,5.74,IN,1687109369
73,mataura,-46.1927,168.8643,2.68,97,43,1.39,NZ,1687109370
74,samarai,-10.6167,150.6667,25.13,78,92,6.14,PG,1687109370
75,finschhafen,-6.6024,147.8681,25.85,83,86,2.82,PG,1687109370
76,luderitz,-26.6481,15.1594,14.2,78,0,6.08,NA,1687109370
77,olafsvik,64.8945,-23.7142,8.33,62,100,0.95,IS,1687109370
78,grand gaube,-20.0064,57.6608,22.22,65,1,0.45,MU,1687109372
79,constitucion,-35.3333,-72.4167,13.97,80,100,6.27,CL,1687109372
80,amapa,1.0,-52.0,29.47,65,55,1.76,BR,1687109198
81,riberalta,-10.9833,-66.1,27.11,50,13,4.12,BO,1687109372
82,klaksvik,62.2266,-6.589,12.51,90,100,4.23,FO,1687109373
83,guerrero negro,27.9769,-114.0611,23.15,56,99,4.15,MX,1687109373
84,bereda,43.2686,-7.5406,21.43,68,99,2.67,ES,1687109373
85,narsaq,60.9167,-46.05,17.12,52,16,3.41,GL,1687109373
86,saint-augustin,51.226,-58.6502,11.63,61,100,5.56,CA,1687109373
87,thompson,55.7435,-97.8558,22.09,53,100,0.0,CA,1687109188
88,iqaluit,63.7506,-68.5145,4.85,70,75,2.57,CA,1687109322
89,avarua,-21.2078,-159.775,25.03,94,20,4.12,CK,1687109374
90,cape town,-33.9258,18.4232,14.65,74,75,8.75,ZA,1687109352
91,kushmurun,52.4503,64.6311,16.46,90,50,9.01,KZ,1687109374
92,hermanus,-34.4187,19.2345,14.89,68,99,10.26,ZA,1687109375
93,atasu,48.6814,71.6433,24.86,30,87,4.37,KZ,1687109375
94,iskateley,67.6803,53.1512,3.64,71,100,5.44,RU,1687109375
95,merauke,-8.4667,140.3333,23.68,86,38,5.48,ID,1687109375
96,tsaratanana,-16.7833,47.65,20.65,77,26,3.87,MG,1687109375
97,matara,5.9485,80.5353,26.26,85,99,4.85,LK,1687109375
98,san javier,37.8063,-0.8374,30.94,72,0,6.69,ES,1687109376
99,port elizabeth,-33.918,25.5701,14.06,91,0,3.09,ZA,1687109376
100,umiray,15.2206,121.4111,25.99,87,23,1.05,PH,1687109376
101,nioro,13.35,-15.75,34.65,43,64,2.44,GM,1687109376
102,hobart,-42.8794,147.3294,6.92,68,40,4.63,AU,1687109340
103,kapustin yar,48.5831,45.7372,21.2,44,0,6.96,RU,1687109377
104,guarapari,-20.6667,-40.4975,23.83,70,27,4.73,BR,1687109377
105,tuktoyaktuk,69.4541,-133.0374,2.0,100,100,2.57,CA,1687109377
106,bara,10.3744,10.7288,32.36,45,100,1.27,NG,1687109378
107,bull savanna,17.8868,-77.5902,29.25,60,100,7.05,JM,1687109378
108,barrow,71.2906,-156.7887,-0.99,100,100,6.17,US,1687109378
109,greeley,40.4233,-104.7091,27.75,48,0,2.06,US,1687108943
110,lagoa,39.05,-27.9833,19.49,91,77,8.01,PT,1687109438
111,amboise,47.4125,0.9827,21.61,79,100,5.5,FR,1687109184
112,cubuk,40.2386,33.0322,20.43,68,40,2.06,TR,1687109439
113,asau,46.4333,26.4,21.51,91,95,1.48,RO,1687109439
114,bambous virieux,-20.3428,57.7575,22.14,60,40,2.06,MU,1687109439
115,san policarpo,12.1791,125.5072,26.28,85,43,1.22,PH,1687109440
116,east london,-33.0153,27.9116,16.52,82,0,3.6,ZA,1687109440
117,mahebourg,-20.4081,57.7,22.16,60,40,2.06,MU,1687109440
118,copperas cove,31.1241,-97.9031,35.75,56,75,3.6,US,1687109441
119,herne bay,51.373,1.1286,19.78,91,99,1.9,GB,1687109441
120,saint-georges,12.0564,-61.7485,29.82,66,20,10.29,GD,1687109441
121,blaubeuren,48.4122,9.7843,26.5,72,88,2.41,DE,1687109442
122,nicoya,10.1483,-85.452,30.82,60,11,1.57,CR,1687109359
123,banda aceh,5.5577,95.3222,27.11,78,100,4.24,ID,1687109442
124,requena,39.4883,-1.1004,24.39,52,100,2.97,ES,1687109442
125,vao,-22.6667,167.4833,20.52,63,39,6.13,NC,1687109442
126,fairbanks,64.8378,-147.7164,15.27,89,75,1.54,US,1687109443
127,cabo san lucas,22.8909,-109.9124,31.61,59,75,1.54,MX,1687109287
128,morales,2.757,-76.6172,27.18,34,91,2.69,CO,1687109443
129,inuvik,68.3499,-133.7218,7.48,93,75,1.03,CA,1687109443
130,talnakh,69.4865,88.3972,6.23,98,100,3.71,RU,1687109444
131,milkovo,54.7167,158.6167,9.45,93,100,3.1,RU,1687109444
132,aykhal,66.0,111.5,10.54,93,93,8.43,RU,1687109444
133,xianyang,34.3378,108.7026,19.58,100,91,0.0,CN,1687109445
134,khatanga,71.9667,102.5,9.46,54,37,3.72,RU,1687109445
135,ponta do sol,32.6667,-17.1,25.95,81,46,4.95,PT,1687109445
136,havoysund,70.9963,24.6622,6.13,76,94,4.57,NO,1687109445
137,ribeira grande,38.5167,-28.7,22.22,78,40,7.2,PT,1687109445
138,trairi,-3.2778,-39.2689,28.86,70,73,5.85,BR,1687109446
139,katsuura,35.1333,140.3,20.78,92,75,1.17,JP,1687109446
140,kitgum,3.2783,32.8867,21.12,85,91,1.52,UG,1687109446
141,qaqortoq,60.7167,-46.0333,5.33,72,24,4.11,GL,1687109446
142,watertown,42.3709,-71.1828,22.44,82,75,5.14,US,1687109413
143,broome,42.2506,-75.833,23.04,62,100,5.14,US,1687109447
144,haines junction,60.7522,-137.5108,16.97,51,14,5.14,CA,1687109447
145,xining,36.6167,101.7667,13.5,54,55,0.65,CN,1687109447
146,butaritari,3.0707,172.7902,28.27,78,98,5.78,KI,1687109447
147,basco,20.4487,121.9702,28.22,80,91,5.64,PH,1687109447
148,cidreira,-30.1811,-50.2056,13.51,57,0,5.02,BR,1687109447
149,faanui,-16.4833,-151.75,27.03,75,93,5.3,PF,1687109449
150,shestakovo,56.4915,103.96,12.13,82,23,0.84,RU,1687109449
151,kandrian,-6.2167,149.55,25.39,89,77,5.16,PG,1687109449
152,zhezkazgan,47.8043,67.7144,26.96,30,97,6.86,KZ,1687109450
153,hailar,49.2,119.7,17.57,75,100,3.16,CN,1687109450
154,axim,4.8699,-2.2405,26.23,83,83,4.61,GH,1687109450
155,kahama,-3.8333,32.6,24.35,43,85,1.46,TZ,1687109450
156,sola,-13.8833,167.55,25.69,75,96,9.5,VU,1687109450
157,shache,38.4167,77.2406,27.62,22,88,4.86,CN,1687109451
158,hay river,60.8156,-115.7999,13.99,62,75,4.12,CA,1687109451
159,te anau,-45.4167,167.7167,3.92,90,28,0.71,NZ,1687109451
160,saskylakh,71.9167,114.0833,9.12,75,75,3.32,RU,1687109451
161,port keats,-14.25,129.55,19.47,43,6,2.87,AU,1687109451
162,mana,5.6592,-53.7767,28.22,78,17,4.13,GF,1687109452
163,saint george,37.1041,-113.5841,32.92,24,0,1.54,US,1687109240
164,mayo,38.8876,-76.5119,30.2,40,0,4.63,US,1687109512
165,taoudenni,22.6783,-3.9836,44.43,7,6,3.77,ML,1687109513
166,labuhan,-6.8844,112.2051,25.08,82,37,2.42,ID,1687109513
167,gushikawa,26.3544,127.8686,26.57,88,100,8.28,JP,1687109513
168,sydney mines,46.2367,-60.2177,10.61,95,100,5.66,CA,1687109514
169,northam,51.0333,-4.2167,17.59,91,100,3.95,GB,1687109514
170,bonavista,48.6499,-53.1147,6.57,93,100,4.84,CA,1687109514
171,beringovskiy,63.05,179.3167,6.82,70,2,4.36,RU,1687109514
172,burgeo,47.6167,-57.6152,11.96,84,99,6.66,CA,1687109515
173,maarianhamina,60.0973,19.9348,21.92,53,0,3.09,AX,1687109395
174,severo-kurilsk,50.6789,156.125,6.05,96,100,9.99,RU,1687109515
175,chaman,30.9236,66.4512,31.3,9,1,4.15,PK,1687109515
176,esperance,-33.8667,121.9,11.8,84,76,3.82,AU,1687109516
177,nikolskoye,59.7035,30.7861,18.94,46,0,3.28,RU,1687109516
178,airai,-8.9266,125.4092,12.38,59,58,0.86,TL,1687109516
179,port hardy,50.6996,-127.4199,12.1,76,75,3.6,CA,1687109516
180,hami,42.8,93.45,27.32,9,48,5.68,CN,1687109516
181,kuytun,54.3419,101.5036,11.41,81,14,1.54,RU,1687109516
182,gribanovskiy,51.4579,41.9764,11.95,80,6,3.25,RU,1687109517
183,yar-sale,66.8333,70.8333,2.6,97,99,5.64,RU,1687109517
184,caarapo,-22.6342,-54.8222,18.49,59,0,1.38,BR,1687109241
185,coquimbo,-29.9533,-71.3436,17.85,63,75,5.14,CL,1687109488
186,pedasi,7.5333,-80.0333,28.97,73,52,1.86,PA,1687109518
187,kumluca,36.3703,30.2869,22.44,84,23,1.04,TR,1687109518
188,yalta,44.5,34.1667,21.89,82,48,1.34,UA,1687109518
189,busovaca,44.0975,17.8789,24.73,73,3,0.41,BA,1687109518
190,vanimo,-2.6741,141.3028,24.97,90,82,1.11,PG,1687109519
191,bengkulu,-3.8004,102.2655,25.44,87,98,2.19,ID,1687109519
192,san patricio,28.017,-97.5169,36.4,29,40,7.24,US,1687109519
193,lyuban,52.7985,28.0048,19.81,76,99,1.22,BY,1687109519
194,miri,4.4148,114.0089,26.08,94,40,2.06,MY,1687109519
195,yulara,-25.2406,130.9889,11.58,46,97,3.69,AU,1687109520
196,menongue,-14.6585,17.691,15.63,25,0,1.05,AO,1687109520
197,magadan,59.5667,150.8,8.12,89,100,1.59,RU,1687109520
198,carnarvon,-24.8667,113.6333,17.25,77,100,4.75,AU,1687109520
199,harper,4.375,-7.7169,26.71,73,75,4.08,LR,1687109520
200,torbay,47.6666,-52.7314,7.93,96,100,3.6,CA,1687109521
201,cobourg,50.2667,10.9667,28.54,34,18,2.54,DE,1687109521
202,castro,-24.7911,-50.0119,16.22,51,0,0.32,BR,1687108929
203,sitka,57.0531,-135.33,12.94,71,40,7.2,US,1687109521
204,pevek,69.7008,170.3133,0.24,96,100,1.87,RU,1687109521
205,korla,41.7597,86.1469,27.8,21,78,2.65,CN,1687109522
206,lalibela,12.0333,39.0333,20.6,44,39,2.47,ET,1687109523
207,vila franca do campo,37.7167,-25.4333,21.23,81,91,4.74,PT,1687109523
208,siirt,37.9326,41.9403,23.52,33,0,1.97,TR,1687109523
209,kunming,25.0389,102.7183,19.96,68,20,6.0,CN,1687109524
210,abnub,27.2696,31.1511,34.12,21,0,4.8,EG,1687109524
211,pahrump,36.2083,-115.9839,32.03,25,8,4.47,US,1687109524
212,wollongong,-34.4333,150.8833,11.71,56,0,3.76,AU,1687109524
213,sisimiut,66.9395,-53.6735,5.09,51,99,2.44,GL,1687109525
214,victoria,22.2855,114.1577,29.1,89,100,3.58,HK,1687109522
215,derzhavinsk,51.1,66.3167,26.19,30,88,6.62,KZ,1687109525
216,jalu,29.0331,21.5482,29.38,22,0,4.28,LY,1687109586
217,hovd,48.0056,91.6419,18.29,30,6,0.9,MN,1687109587
218,kodiak,57.79,-152.4072,18.73,48,0,3.6,US,1687109587
219,port shepstone,-30.7414,30.455,19.7,68,54,3.2,ZA,1687109587
220,kuruman,-27.4524,23.4325,12.77,20,0,2.89,ZA,1687109587
221,lovozero,68.005,35.0117,10.01,73,100,1.66,RU,1687109587
222,atescatempa,14.1744,-89.7425,30.14,66,0,0.0,GT,1687109588
223,nizhniy kuranakh,58.8353,125.4869,13.81,62,100,1.82,RU,1687109588
224,tura,25.5198,90.2201,23.37,98,100,1.7,IN,1687109307
225,tombouctou,20.0,-3.0,42.19,7,4,2.1,ML,1687109588
226,auki,-8.7676,160.7034,24.81,88,99,1.6,SB,1687109588
227,laguna,38.421,-121.4238,25.24,53,0,4.63,US,1687109589
228,prince george,53.9166,-122.753,7.69,87,100,2.57,CA,1687109409
229,kaitangata,-46.2817,169.8464,9.61,93,78,4.3,NZ,1687109589
230,mahibadhoo,3.7833,72.9667,28.2,76,93,5.41,MV,1687109589
231,san pedro,14.35,121.0167,28.57,80,75,1.54,PH,1687109455
232,coro,11.4045,-69.6734,32.83,53,43,8.39,VE,1687109589
233,charters towers,-20.1,146.2667,16.04,88,79,2.79,AU,1687109590
234,coihaique,-45.5752,-72.0662,5.34,65,20,1.54,CL,1687109590
235,chapais,49.7834,-74.8492,21.91,36,31,3.43,CA,1687109590
236,saint-pierre,-21.3393,55.4781,21.82,56,100,2.57,RE,1687109590
237,bonoua,5.2741,-3.595,27.79,84,79,3.49,CI,1687109590
238,pangnirtung,66.1451,-65.7125,7.0,65,75,4.63,CA,1687109591
239,praya,14.9215,-23.5087,29.3,61,0,3.09,CV,1687109591
240,jinchang,38.4953,102.1739,22.0,16,0,1.89,CN,1687109591
241,zhigansk,66.7697,123.3711,11.47,67,59,6.27,RU,1687109591
242,san angelo,31.4638,-100.437,33.95,47,0,5.66,US,1687109453
243,bronnoysund,65.4625,12.1997,19.0,68,20,5.14,NO,1687109592
244,belorechensk,44.76,39.87,18.92,93,73,0.5,RU,1687109592
245,sovetskiy,61.3614,63.5842,7.41,60,83,2.09,RU,1687109592
246,nyurba,63.2842,118.3319,14.52,64,91,2.36,RU,1687109593
247,hasaki,35.7333,140.8333,22.9,90,87,5.31,JP,1687109593
248,cap malheureux,-19.9842,57.6142,20.82,65,2,0.45,MU,1687109593
249,mount gambier,-37.8333,140.7667,7.8,81,100,4.08,AU,1687109593
250,bredasdorp,-34.5322,20.0403,11.54,67,88,3.78,ZA,1687109593
251,carbonia,39.1672,8.5222,28.53,40,73,2.99,IT,1687109594
252,hofn,64.2539,-15.2082,10.91,90,98,2.8,IS,1687109594
253,luwuk,-0.9516,122.7875,24.37,91,58,2.35,ID,1687109594
254,along,28.1667,94.7667,22.45,98,70,0.47,IN,1687109594
255,yellowknife,62.456,-114.3525,16.29,51,75,6.17,CA,1687109595
256,tiksi,71.6872,128.8694,9.63,45,35,5.09,RU,1687109595
257,lompoc,34.6391,-120.4579,16.08,75,45,0.89,US,1687109595
258,brae,60.3964,-1.353,14.61,72,53,2.92,GB,1687109595
259,omboue,-1.5746,9.2618,23.55,87,94,4.37,GA,1687109595
260,chuy,-33.6971,-53.4616,14.45,54,67,2.25,UY,1687109596
261,holbaek,55.7167,11.7167,20.55,77,31,4.47,DK,1687109596
262,ancud,-41.8697,-73.8203,9.37,69,92,1.5,CL,1687109494
263,huarmey,-10.0681,-78.1522,24.33,67,21,6.14,PE,1687109596
264,geraldton,-28.7667,114.6,9.23,66,66,2.57,AU,1687109597
265,hun,29.1268,15.9477,30.91,15,0,3.99,LY,1687109597
266,great yarmouth,52.6083,1.7305,22.83,91,99,6.63,GB,1687109339
267,rio grande,-32.035,-52.0986,14.06,56,0,3.53,BR,1687109597
268,tortoli,39.9256,9.6572,24.9,73,0,5.66,IT,1687109597
269,obregon,11.9566,-85.9636,31.05,66,97,5.19,NI,1687109659
270,nelson bay,-32.7167,152.15,9.44,79,0,5.36,AU,1687109659
271,klyuchi,52.2667,79.1667,17.69,68,58,4.07,RU,1687109659
272,kloulklubed,7.0419,134.2556,26.28,79,100,2.94,PW,1687109659
273,basoko,1.2391,23.616,25.04,85,100,1.55,CD,1687109659
274,phra pradaeng,13.6585,100.5336,29.43,76,100,2.2,TH,1687109660
275,punta alta,-38.8759,-62.0736,12.26,49,29,7.07,AR,1687109485
276,westerland,54.9079,8.3033,23.34,60,0,3.6,DE,1687109660
277,catuday,16.2923,119.8062,26.82,80,44,2.03,PH,1687109660
278,cao bang,22.6667,106.25,24.87,98,93,1.83,VN,1687109660
279,marsaxlokk,35.8419,14.5431,27.34,36,0,1.03,MT,1687109661
280,port alfred,-33.5906,26.891,16.38,80,0,5.7,ZA,1687109661
281,kalmunai,7.4167,81.8167,26.46,81,83,3.0,LK,1687109661
282,kolokani,13.5728,-8.0339,38.04,23,33,3.94,ML,1687109661
283,asasa,7.1,39.2,13.71,85,46,0.69,ET,1687109662
284,lincoln,40.8,-96.667,27.72,51,0,1.34,US,1687109595
285,grindavik,63.8424,-22.4338,10.26,81,100,0.51,IS,1687109662
286,huambo,-12.7761,15.7392,15.67,25,0,0.94,AO,1687109662
287,belvedere marittimo,39.6179,15.8617,21.63,68,3,0.68,IT,1687109662
288,thinadhoo,0.5333,72.9333,28.48,72,98,4.78,MV,1687109662
289,bosaso,11.2842,49.1816,31.52,65,5,1.88,SO,1687109663
290,saldanha,-33.0117,17.9442,13.03,75,94,8.66,ZA,1687109663
291,skibbereen,51.55,-9.2667,17.28,84,19,3.27,IE,1687109663
292,leh,34.1667,77.5833,13.65,44,85,2.04,IN,1687109663
293,mount isa,-20.7333,139.5,13.87,26,90,2.06,AU,1687109664
294,samarkand,39.6542,66.9597,28.68,23,47,5.14,UZ,1687109664
295,eyl,7.9803,49.8164,26.46,71,15,9.47,SO,1687109664
296,krasnoarmeysk,51.0239,45.6969,12.93,66,5,3.75,RU,1687109664
297,srednekolymsk,67.45,153.6833,14.06,43,100,2.26,RU,1687109664
298,aksu,41.1231,80.2644,27.4,25,79,2.77,CN,1687109664
299,gonzalez,30.5816,-87.2914,22.03,83,75,4.12,US,1687109665
300,kokopo,-4.352,152.2633,24.64,90,72,4.8,PG,1687109665
301,novoagansk,61.9449,76.6625,6.57,75,100,3.05,RU,1687109665
302,flinders,-34.5833,150.8552,11.77,61,0,3.13,AU,1687109665
303,bordighera,43.7806,7.6645,25.16,88,88,1.34,IT,1687109665
304,half moon bay,37.4636,-122.4286,24.38,66,75,6.69,US,1687109666
305,san andres,12.5847,-81.7006,27.01,100,40,3.6,CO,1687109666
306,arman,59.7,150.1667,8.04,92,100,0.65,RU,1687109666
307,namtsy,62.7161,129.6658,12.52,77,8,2.23,RU,1687109666
308,provideniya,64.3833,-173.3,5.25,83,86,1.81,RU,1687109666
309,portland,45.5234,-122.6762,15.45,72,100,2.06,US,1687109298
310,danville,36.586,-79.395,29.68,46,0,2.06,US,1687109667
311,sinnamary,5.3833,-52.95,28.51,74,13,3.47,GF,1687109667
312,nanortalik,60.1432,-45.2371,3.7,81,54,4.03,GL,1687109667
313,santa marinella,42.0345,11.8536,26.85,66,76,1.24,IT,1687109667
314,oni,42.5794,43.4425,16.67,97,85,0.84,GE,1687109667
315,touros,-5.1989,-35.4608,28.05,70,83,6.42,BR,1687109668
316,ekhabi,53.5102,142.9671,5.8,91,53,3.14,RU,1687109668
317,balad,34.0164,44.1453,31.62,22,0,5.91,IQ,1687109668
318,san rafael,-34.6177,-68.3301,16.5,25,78,6.07,AR,1687109668
319,yurimaguas,-5.9,-76.0833,29.09,61,20,1.54,PE,1687109669
320,inhambane,-23.865,35.3833,21.99,78,0,3.09,MZ,1687109669
321,morondava,-20.2833,44.2833,22.11,72,0,2.79,MG,1687109669
322,najran,17.4924,44.1277,33.36,13,31,1.86,SA,1687109669
323,altoona,40.5187,-78.3947,26.31,40,7,2.51,US,1687109524
324,jos,9.9167,8.9,23.05,71,92,1.88,NG,1687109670
325,aljezur,37.3191,-8.8033,20.99,73,100,5.36,PT,1687109730
326,beruwala,6.4788,79.9828,26.49,83,96,4.72,LK,1687109730
327,jumla,29.2747,82.1838,16.76,93,87,0.53,NP,1687109730
328,pires do rio,-17.2997,-48.2794,26.87,31,0,1.95,BR,1687109731
329,cockburn town,21.4612,-71.1419,28.52,76,65,8.24,TC,1687109731
330,seydi,39.4816,62.9137,33.14,20,42,4.7,TM,1687109731
331,rawson,-43.3002,-65.1023,11.11,50,99,10.04,AR,1687109731
332,leningradskiy,69.3833,178.4167,0.7,99,100,3.07,RU,1687109731
333,chichica,8.4922,-82.1627,29.64,64,89,2.42,PA,1687109732
334,kavieng,-2.5744,150.7967,26.8,80,52,1.73,PG,1687109732
335,margate,51.3813,1.3862,19.61,84,100,0.45,GB,1687109732
336,nome,64.5011,-165.4064,3.42,100,100,7.72,US,1687109732
337,winslow,35.0242,-110.6974,29.1,15,0,5.66,US,1687109732
338,nouadhibou,20.931,-17.0347,25.99,57,5,7.72,MR,1687109733
339,muisne,0.6,-80.0333,28.06,80,28,4.25,EC,1687109733
340,avera,33.194,-82.5271,32.73,36,72,2.51,US,1687109733
341,sol-iletsk,51.1631,54.9918,13.96,58,100,9.43,RU,1687109733
342,puerto escondido,15.85,-97.0667,33.46,58,40,2.57,MX,1687109733
343,mizdah,31.4451,12.9801,29.72,12,0,4.47,LY,1687109734
344,paramonga,-10.6667,-77.8333,22.92,73,26,6.03,PE,1687109734
345,qeshm,26.9581,56.2719,31.93,86,3,4.17,IR,1687109734
346,bilibino,68.0546,166.4372,7.52,68,67,0.61,RU,1687109734
347,pringsewu,-5.3582,104.9744,23.01,97,40,0.47,ID,1687109734
348,codrington,-38.2667,141.9667,8.16,77,100,5.53,AU,1687109735
349,meulaboh,4.1363,96.1285,25.37,81,99,2.24,ID,1687109735
350,faya,18.3851,42.4509,23.06,32,61,1.19,SA,1687109735
351,eureka,40.8021,-124.1637,19.86,78,79,4.47,US,1687109735
352,alofi,-19.0595,-169.9187,22.94,94,31,2.06,NU,1687109736
353,mazurivka,49.2745,24.2123,15.6,95,100,1.4,UA,1687109736
354,san remo,43.8182,7.7612,24.47,88,85,1.34,IT,1687109736
355,samarinda,-0.5,117.15,23.23,93,95,0.72,ID,1687109736
356,komsomolskiy,40.4272,71.7189,30.4,25,100,2.06,UZ,1687109737
357,tazovskiy,67.4667,78.7,2.36,95,100,5.57,RU,1687109737
358,la ronge,55.1001,-105.2842,23.14,31,40,4.63,CA,1687109737
359,jiaojiang,28.6803,121.4428,27.22,94,99,1.29,CN,1687109737
360,khanpur,28.6453,70.6567,37.05,33,20,6.1,PK,1687109737
361,nemuro,43.3236,145.575,9.37,90,17,5.96,JP,1687109738
362,george town,5.4112,100.3354,27.96,77,20,1.03,MY,1687109738
363,albanel,48.8832,-72.4487,16.99,63,100,3.09,CA,1687109738
364,sambava,-14.2667,50.1667,23.26,81,88,6.39,MG,1687109738
365,bontang,0.1333,117.5,25.42,80,90,2.06,ID,1687109738
366,inongo,-1.95,18.2667,23.21,80,52,2.26,CD,1687109738
367,chabahar,25.2919,60.643,29.17,79,25,4.29,IR,1687109739
368,ust-nera,64.5667,143.2,11.43,76,26,1.82,RU,1687109739
369,naze,28.3667,129.4833,24.51,92,99,9.63,JP,1687109739
370,port blair,11.6667,92.75,28.02,78,40,4.12,IN,1687109739
371,mayor pablo lagerenza,-19.9309,-60.7718,24.53,36,4,2.59,PY,1687109739
372,linden,6.0,-58.3,26.94,84,98,0.79,GY,1687109740
373,flin flon,54.7682,-101.865,22.91,49,75,2.57,CA,1687109741
374,sorong,-0.8833,131.25,25.01,91,85,4.84,ID,1687109741
375,kearney,40.6995,-99.0815,26.85,53,0,4.12,US,1687109742
376,salinas,36.6777,-121.6555,21.66,69,0,6.17,US,1687109722
377,diffa,13.3154,12.6113,38.15,18,84,2.69,NE,1687109742
378,baoqing,46.3317,132.2111,15.04,73,16,2.06,CN,1687109743
379,ruidoso,33.3317,-105.673,28.36,12,40,6.17,US,1687109743
380,bria,6.5423,21.9863,23.22,90,85,1.53,CF,1687109804
381,muko,34.9654,135.7041,21.68,74,23,1.63,JP,1687109804
382,cape canaveral,28.4058,-80.6048,33.0,70,20,7.2,US,1687109804
383,verkhnyaya inta,65.9811,60.3094,3.29,74,100,3.86,RU,1687109805
384,hit,33.6416,42.8251,31.44,20,0,4.26,IQ,1687109805
385,slave lake,55.2834,-114.769,10.99,71,100,2.06,CA,1687109805
386,kieta,-6.2167,155.6333,25.86,85,100,1.94,PG,1687109805
387,port-gentil,-0.7193,8.7815,25.98,78,20,7.2,GA,1687109805
388,general pico,-35.6566,-63.7568,14.9,41,98,6.72,AR,1687109806
389,bangkalan,-7.0455,112.7351,26.97,82,36,2.15,ID,1687109806
390,mehamn,71.0357,27.8492,6.97,100,100,1.54,NO,1687109806
391,besikduzu,41.052,39.2284,21.94,91,49,1.81,TR,1687109806
392,saint-paul,-21.0096,55.2707,22.06,86,44,3.86,RE,1687109806
393,abalak,58.1286,68.5944,10.02,54,94,3.2,RU,1687109806
394,birjand,32.8663,59.2211,32.26,12,0,4.12,IR,1687109807
395,baherden,38.4362,57.4316,33.6,25,0,1.19,TM,1687109807
396,faranah,10.0404,-10.7434,25.86,85,100,2.46,GN,1687109807
397,riyadh,24.6877,46.7219,37.08,11,44,3.92,SA,1687109700
398,doha,25.2867,51.5333,33.17,66,0,3.09,QA,1687109808
399,miraflores,19.2167,-98.8083,26.36,18,23,0.83,MX,1687109808
400,imbituba,-28.24,-48.6703,18.25,53,0,3.55,BR,1687109808
401,jasper,37.2001,-94.3502,23.33,87,100,3.6,US,1687109669
402,dawlatabad,36.4141,64.9053,34.3,12,27,3.42,AF,1687109808
403,upernavik,72.7868,-56.1549,0.64,69,100,1.34,GL,1687109809
404,zaysan,47.4667,84.8667,19.93,29,63,3.1,KZ,1687109810
405,imamoglu,37.2651,35.6572,23.84,77,95,3.18,TR,1687109810
406,rawah,34.4816,41.9093,31.02,21,0,3.17,IQ,1687109811
407,bafoulabe,13.8065,-10.8321,37.49,35,92,4.14,ML,1687109811
408,krasnoborsk,61.5598,45.934,6.03,68,68,0.54,RU,1687109811
409,gaoua,10.2992,-3.2508,33.54,42,51,2.35,BF,1687109811
410,praia,14.9215,-23.5087,29.3,61,0,3.09,CV,1687109591
411,ranong,9.9658,98.6348,24.67,88,100,1.34,TH,1687109812
412,kisangani,0.5167,25.2,20.93,97,100,1.44,CD,1687109812
413,biak,-0.9131,122.8766,23.82,89,60,3.05,ID,1687109812
414,sistranda,63.7256,8.834,11.98,90,100,5.18,NO,1687109812
415,itarantim,-15.6597,-40.0656,29.08,43,9,4.06,BR,1687109813
416,gumla,23.05,84.55,31.06,41,85,2.54,IN,1687109813
417,soyo,-6.1349,12.3689,22.63,85,48,3.8,AO,1687109813
418,tadine,-21.55,167.8833,19.84,65,42,3.52,NC,1687109813
419,saint anthony,45.0205,-93.218,23.69,72,75,5.14,US,1687109813
420,lebedyan,53.0194,39.1664,15.16,70,65,1.03,RU,1687109814
421,namatanai,-3.6667,152.4333,26.08,84,80,2.86,PG,1687109814
422,kuito,-12.3833,16.9333,13.96,35,12,1.05,AO,1687109814
423,svetlogorsk,52.6333,29.7333,20.78,64,94,1.36,BY,1687109815
424,plettenberg bay,-34.0527,23.3716,12.43,78,21,1.3,ZA,1687109815
425,amsterdam,52.374,4.8897,23.83,56,100,3.58,NL,1687109530
426,grootfontein,-19.5667,18.1167,15.76,27,0,2.06,NA,1687109815
427,seoul,37.5683,126.9778,22.66,78,0,2.06,KR,1687109704
428,alice springs,-23.7,133.8833,11.23,54,100,2.06,AU,1687109816
429,kahului,20.8947,-156.47,26.58,67,20,4.63,US,1687109653
430,vila do maio,15.1333,-23.2167,29.44,84,41,5.21,CV,1687109816
431,tual,-5.6667,132.75,26.58,77,50,8.73,ID,1687109816
432,ketchikan,55.3422,-131.6461,14.26,58,0,3.09,US,1687109730
433,baykit,61.67,96.37,4.54,86,22,0.7,RU,1687109878
434,shahrud,36.4182,54.9763,28.04,27,0,2.95,IR,1687109878
435,oakdale,44.963,-92.9649,23.12,74,100,4.12,US,1687109863
436,dole,47.0833,5.5,29.79,42,90,8.23,FR,1687109878
437,petropavlovsk-kamchatskiy,53.0452,158.6483,6.33,100,100,1.0,RU,1687109879
438,yakymivka,46.6897,35.1536,21.31,77,98,3.18,UA,1687109879
439,san vicente,-26.6167,-54.1333,17.86,38,0,0.11,AR,1687109879
440,gobabis,-22.45,18.9667,15.28,12,0,4.01,NA,1687109879
441,san luis,-33.295,-66.3356,15.59,38,91,3.74,AR,1687109879
442,ostrovnoy,68.0531,39.5131,4.35,82,100,1.65,RU,1687109880
443,puerto rico,-26.796,-55.024,19.09,45,0,0.73,AR,1687109880
444,manbij,36.5281,37.9549,21.7,63,0,10.04,SY,1687109880
445,adrar,20.5022,-10.0711,41.6,8,0,2.74,MR,1687109880
446,raudeberg,61.9875,5.1352,14.42,96,100,3.79,NO,1687109880
447,angoche,-16.2325,39.9086,23.47,71,0,3.22,MZ,1687109881
448,vrangel,42.7297,133.0839,14.23,67,39,1.72,RU,1687109881
449,kibala,9.1104,18.3463,33.97,52,20,1.03,TD,1687109881
450,calama,-22.4667,-68.9333,21.27,7,0,8.23,CL,1687109881
451,tukrah,32.5341,20.5791,22.6,78,0,4.46,LY,1687109883
452,norman wells,65.282,-126.8329,17.02,55,40,5.14,CA,1687109883
453,lorengau,-2.0226,147.2712,25.99,85,48,2.35,PG,1687109884
454,colesberg,-30.72,25.0972,9.86,34,1,3.14,ZA,1687109658
455,pacifica,37.6138,-122.4869,23.17,76,20,6.69,US,1687109700
456,mogadishu,2.0371,45.3438,26.14,83,47,6.73,SO,1687109884
457,itoman,26.1247,127.6694,27.01,94,100,7.72,JP,1687109884
458,sainte-luce,14.4673,-60.9271,31.97,58,20,7.2,MQ,1687109885
459,lishui,28.4604,119.9103,23.5,96,93,0.75,CN,1687109885
460,pochutla,15.7432,-96.4661,32.9,47,2,4.55,MX,1687109885
461,javanrud,34.7961,46.5172,20.41,28,0,2.75,IR,1687109885
462,susanville,40.4163,-120.653,23.23,43,0,5.14,US,1687109885
463,fecamp,49.7579,0.3746,18.58,92,100,6.65,FR,1687109886
464,nushki,29.5542,66.0215,32.74,22,8,5.09,PK,1687109886
465,sapouy,11.5544,-1.7736,34.82,37,67,1.84,BF,1687109886
466,tabou,4.423,-7.3528,26.3,77,92,2.6,CI,1687109886
467,acapulco,16.8634,-99.8901,33.9,59,0,1.54,MX,1687109887
468,aconibe,1.2968,10.9369,21.29,98,100,1.13,GQ,1687109887
469,puerto del rosario,28.5004,-13.8627,27.86,47,20,4.63,ES,1687109887
470,san quintin,30.4833,-115.95,19.48,75,20,6.95,MX,1687109887
471,sioux lookout,50.1001,-91.917,26.04,47,75,4.12,CA,1687109850
472,diapaga,12.0708,1.7889,37.12,30,28,2.01,BF,1687109722
473,surt,31.2089,16.5887,23.36,66,0,4.62,LY,1687109888
474,muros,42.7762,-9.0603,21.75,89,80,3.34,ES,1687109888
475,benguela,-12.5763,13.4055,20.1,89,14,1.65,AO,1687109888
476,ahipara,-35.1667,173.1667,14.62,74,0,4.46,NZ,1687109888
477,kota tinggi,1.7381,103.8999,27.02,87,49,1.47,MY,1687109889
478,tiznit,29.5833,-9.5,20.82,60,17,5.06,MA,1687109889
479,tuy hoa,13.0833,109.3,25.15,88,88,3.16,VN,1687109889
480,ucluelet,48.9329,-125.5528,12.17,81,100,4.38,CA,1687109889
481,tezu,27.9167,96.1667,23.18,98,93,1.13,IN,1687109889
482,mount pleasant,32.7941,-79.8626,32.22,69,0,4.63,US,1687109710
483,tahe,52.3333,124.7333,14.03,58,100,1.98,CN,1687109890
484,anuchino,43.9622,133.0544,11.79,92,19,1.08,RU,1687109890
485,zhurivka,50.5028,31.7849,20.62,62,65,2.02,UA,1687109890
486,pacific grove,36.6177,-121.9166,20.57,75,20,5.14,US,1687109890
487,kruisfontein,-34.0033,24.7314,12.71,91,1,0.38,ZA,1687109890
488,arrifes,37.7667,-25.7,20.14,88,75,8.23,PT,1687109952
489,husavik,66.0449,-17.3389,8.68,94,100,4.18,IS,1687109952
490,aklavik,68.2191,-135.0107,8.0,87,100,0.0,CA,1687109952
491,ayodhya,26.8,82.2,36.36,33,11,2.38,IN,1687109952
492,kudahuvadhoo,2.6708,72.8944,28.11,76,86,4.91,MV,1687109953
493,paamiut,61.994,-49.6678,3.62,74,45,12.57,GL,1687109953
494,sechura,-5.5569,-80.8222,28.91,53,2,6.17,PE,1687109953
495,batemans bay,-35.7167,150.1833,8.94,72,0,2.96,AU,1687109953
496,cayenne,4.9333,-52.3333,31.02,62,20,3.6,GF,1687109954
497,tautira,-17.7333,-149.15,27.07,67,64,4.84,PF,1687109954
498,dunedin,-45.8742,170.5036,12.11,90,100,6.71,NZ,1687109954
499,zelenoborskiy,66.845,32.3622,16.11,64,94,0.6,RU,1687109954
500,atbasar,51.8,68.3333,20.4,57,51,7.3,KZ,1687109954
501,boden,65.8252,21.6886,21.0,42,43,3.54,SE,1687109955
502,pawili,13.5167,123.2833,25.7,86,13,1.0,PH,1687109955
503,caravelas,-17.7125,-39.2481,24.18,83,48,4.95,BR,1687109955
504,lazaro cardenas,17.9583,-102.2,33.29,53,82,4.64,MX,1687109955
505,kavaratti,10.5669,72.642,29.01,76,98,7.12,IN,1687109955
506,fortuna,40.5982,-124.1573,17.74,72,40,5.66,US,1687109955
507,tiarei,-17.5333,-149.3333,26.01,68,69,4.98,PF,1687109956
508,plock,52.5468,19.7064,19.23,69,90,0.51,PL,1687109888
509,longyearbyen,78.2186,15.6401,4.91,93,75,1.03,SJ,1687109956
510,hobyo,5.3505,48.5268,26.18,80,36,11.52,SO,1687109956
511,north bend,43.4065,-124.2243,15.14,72,75,3.6,US,1687109957
512,jimma,7.6667,36.8333,16.86,97,99,1.25,ET,1687109957
513,tarasovskiy,48.7292,40.3636,18.1,63,3,6.17,RU,1687109957
514,ponta delgada,37.7333,-25.6667,21.4,88,75,8.23,PT,1687109957
515,payson,40.0444,-111.7321,26.1,30,0,6.69,US,1687109957
516,dingle,10.9995,122.6711,24.92,88,49,1.72,PH,1687109958
517,jadu,31.953,12.0261,27.17,16,0,5.29,LY,1687109958
518,kamenka,51.3223,42.7678,11.66,80,4,3.85,RU,1687109958
519,uray,60.1247,64.7758,8.57,57,64,1.7,RU,1687109958
520,abapo,-18.8333,-63.4667,21.11,33,4,3.53,BO,1687109959
521,puerto ayacucho,5.6639,-67.6236,23.16,93,100,1.56,VE,1687109959
522,komatipoort,-25.4332,31.9548,17.25,64,0,2.79,ZA,1687109959
523,matagami,49.7502,-77.6328,21.06,56,100,3.6,CA,1687109959
524,pemangkat,1.1667,108.9667,27.0,78,80,1.1,ID,1687109960
525,kayerkan,69.3497,87.7602,5.85,100,100,4.85,RU,1687109960
526,oriximina,-1.7656,-55.8661,30.23,60,11,1.2,BR,1687109960
527,ghanzi,-21.5667,21.7833,16.26,16,0,2.56,BW,1687109960
528,qandala,11.472,49.8728,31.74,67,3,2.04,SO,1687109960
529,campeche,19.0,-90.5,39.39,25,9,2.94,MX,1687109961
530,lakes entrance,-37.8811,147.981,11.2,50,41,3.64,AU,1687109961
531,ordynskoye,54.3656,81.8994,12.24,95,70,3.04,RU,1687109956
532,dembi dolo,8.5333,34.8,14.64,92,95,0.91,ET,1687109961
533,luocheng,29.3848,104.0286,22.92,87,91,1.2,CN,1687109961
534,baracoa,20.3467,-74.4958,28.51,76,23,5.62,CU,1687109962
535,senanga,-16.1167,23.2667,17.6,23,0,1.8,ZM,1687109962
536,bedele,8.456,36.353,14.69,99,100,0.74,ET,1687109962
537,zabol,32.25,67.25,26.89,11,25,5.15,AF,1687109962
538,strezhevoy,60.7333,77.5889,5.16,71,57,1.83,RU,1687109962
539,broken hill,-31.95,141.4333,6.53,64,33,2.63,AU,1687109963
540,cabinda,-5.55,12.2,23.3,89,49,5.02,AO,1687109963
541,jambi,-1.6,103.6167,23.94,96,76,0.32,ID,1687109963
542,veraval,20.9,70.3667,29.9,75,100,7.38,IN,1687110024
543,champerico,14.3,-91.9167,33.3,51,4,4.09,GT,1687110024
544,tiruchchendur,8.4833,78.1167,28.26,76,99,2.31,IN,1687110025
545,moskovskiy,55.5991,37.355,22.04,36,0,3.0,RU,1687110025
546,victor harbor,-35.5667,138.6167,11.49,94,82,2.8,AU,1687110025
547,wexford,52.3342,-6.4575,18.83,88,100,3.13,IE,1687110025
548,namibe,-15.1961,12.1522,18.31,84,0,5.25,AO,1687110025
549,tilichiki,60.4667,166.1,6.36,93,35,0.93,RU,1687110026
550,port harcourt,4.7774,7.0134,23.1,88,100,3.95,NG,1687110026
551,madera,37.1666,-119.8343,31.33,39,18,2.79,US,1687110026
552,sabang,5.8933,95.3214,28.48,76,99,6.84,ID,1687110026
553,mackenzie,55.2999,-123.1698,9.12,76,0,3.6,CA,1687110026
554,alyangula,-13.8483,136.4192,23.66,75,94,4.83,AU,1687110027
555,faratsiho,-19.4,46.95,9.98,71,0,2.61,MG,1687110027
556,zhanaozen,43.3,52.8,25.6,50,2,7.62,KZ,1687110027
557,clinton,42.587,-82.9199,28.49,53,2,0.45,US,1687110027
558,bandarbeyla,9.4942,50.8122,26.34,73,2,12.02,SO,1687110027
559,kobayashi,31.9833,130.9833,18.72,76,100,0.99,JP,1687110028
560,ust-kuyga,70.0167,135.6,15.76,51,100,6.68,RU,1687110028
561,port lincoln,-34.7333,135.8667,13.48,79,52,9.33,AU,1687110028
562,kyabe,9.4515,18.9449,28.82,62,36,2.22,TD,1687110028
563,landsberg,52.7368,15.2288,22.13,53,38,0.66,PL,1687109871
564,lavrentiya,65.5833,-171.0,4.2,89,100,2.69,RU,1687110029
565,beidao,34.5686,105.8933,15.61,74,38,0.97,CN,1687110029
566,charlestown,-32.95,151.6667,8.18,71,0,1.34,AU,1687110029
567,manggar,-2.8833,108.2667,26.93,81,35,1.72,ID,1687110029
